{"metrics": {"rmse": 234.525338752846, "r2": 0.9440832567844795, "mae": 190.87312478191845, "mse": 55002.13451713717}}