{"metrics": {"rmse": 227.2074800402762, "r2": 0.9475183386301428, "mae": 182.63657100340308, "mse": 51623.23898625251}}