{"metrics": {"rmse": 225.33756954134952, "r2": 0.9483786288056676, "mae": 181.4540167386984, "mse": 50777.02024680253}}